{
  "incendium:technical/sentrys_wrath": {
    "criteria": {
      "log_spam_fixer": "2024-09-13 18:40:24 +0000"
    },
    "done": false
  },
  "incendium:technical/inventory/sentrys_wrath": {
    "criteria": {
      "log_spam_fixer": "2024-09-13 18:40:24 +0000"
    },
    "done": false
  },
  "incendium:technical/feed_ghastling": {
    "criteria": {
      "log_spam_fixer": "2024-09-13 18:40:24 +0000"
    },
    "done": false
  },
  "1_splatus:ultris/root": {
    "criteria": {
      "c1": "2024-09-13 18:36:40 +0000"
    },
    "done": true
  },
  "incendium:technical/on_player_hurt": {
    "criteria": {
      "log_spam_fixer": "2024-09-13 18:40:24 +0000"
    },
    "done": false
  },
  "minecraft:recipes/decorations/crafting_table": {
    "criteria": {
      "unlock_right_away": "2024-09-13 18:36:41 +0000"
    },
    "done": true
  },
  "graveyard:graveyard/giant_mushroom": {
    "criteria": {
      "giant_mushroom": "2024-09-13 18:36:43 +0000"
    },
    "done": true
  },
  "bossominium:loot_bosses_a": {
    "criteria": {
      "loot_bosses_a": "2024-09-13 18:36:41 +0000"
    },
    "done": true
  },
  "incendium:technical/firestorm": {
    "criteria": {
      "log_spam_fixer": "2024-09-13 18:40:24 +0000"
    },
    "done": false
  },
  "incendium:technical/inventory/firestorm": {
    "criteria": {
      "log_spam_fixer": "2024-09-13 18:40:24 +0000"
    },
    "done": false
  },
  "betterdeserttemples:root": {
    "criteria": {
      "always": "2024-09-13 18:36:41 +0000"
    },
    "done": true
  },
  "incendium:technical/new_player": {
    "criteria": {
      "requirement": "2024-09-13 18:36:41 +0000"
    },
    "done": true
  },
  "incendium:technical/give_ghastling": {
    "criteria": {
      "log_spam_fixer": "2024-09-13 18:40:24 +0000"
    },
    "done": false
  },
  "incendium:technical/on_kill": {
    "criteria": {
      "log_spam_fixer": "2024-09-13 18:40:24 +0000"
    },
    "done": false
  },
  "iceandfire:iceandfire/root": {
    "criteria": {
      "tick": "2024-09-13 18:36:41 +0000"
    },
    "done": true
  },
  "incendium:technical/scroll_of_returning": {
    "criteria": {
      "log_spam_fixer": "2024-09-13 18:36:43 +0000"
    },
    "done": false
  },
  "incendium:technical/multiplex_crossbow": {
    "criteria": {
      "log_spam_fixer": "2024-09-13 18:40:24 +0000"
    },
    "done": false
  },
  "incendium:technical/using/ragnarok": {
    "criteria": {
      "log_spam_fixer": "2024-09-13 18:36:43 +0000"
    },
    "done": false
  },
  "farmersdelight:main/root": {
    "criteria": {
      "seeds": "2024-09-13 18:36:40 +0000"
    },
    "done": true
  },
  "incendium:technical/on_inventory_change": {
    "criteria": {
      "log_spam_fixer": "2024-09-13 18:40:24 +0000"
    },
    "done": false
  },
  "incendium:technical/using/trailblazer": {
    "criteria": {
      "log_spam_fixer": "2024-09-13 18:36:43 +0000"
    },
    "done": false
  },
  "watching:main/root": {
    "criteria": {
      "requirement": "2024-09-13 18:40:20 +0000"
    },
    "done": true
  },
  "mca:root": {
    "criteria": {
      "village_plains": "2024-09-13 18:39:01 +0000"
    },
    "done": true
  },
  "minecraft:adventure/adventuring_time": {
    "criteria": {
      "minecraft:plains": "2024-09-13 18:39:01 +0000"
    },
    "done": false
  },
  "incendium:technical/holy_wrath": {
    "criteria": {
      "log_spam_fixer": "2024-09-13 18:40:24 +0000"
    },
    "done": false
  },
  "incendium:technical/on_block": {
    "criteria": {
      "log_spam_fixer": "2024-09-13 18:40:24 +0000"
    },
    "done": false
  },
  "incendium:technical/using/shield": {
    "criteria": {
      "log_spam_fixer": "2024-09-13 18:36:43 +0000"
    },
    "done": false
  },
  "tombstone:adventure/root": {
    "criteria": {
      "auto": "2024-09-13 18:36:43 +0000"
    },
    "done": true
  },
  "DataVersion": 3465
}