{
  "1_splatus:ultris/root": {
    "criteria": {
      "c1": "2024-09-13 04:57:54 +0000"
    },
    "done": true
  },
  "minecraft:recipes/decorations/crafting_table": {
    "criteria": {
      "unlock_right_away": "2024-09-13 04:57:54 +0000"
    },
    "done": true
  },
  "bossominium:loot_bosses_a": {
    "criteria": {
      "loot_bosses_a": "2024-09-13 04:57:54 +0000"
    },
    "done": true
  },
  "betterdeserttemples:root": {
    "criteria": {
      "always": "2024-09-13 04:57:54 +0000"
    },
    "done": true
  },
  "incendium:technical/new_player": {
    "criteria": {
      "requirement": "2024-09-13 04:57:54 +0000"
    },
    "done": true
  },
  "iceandfire:iceandfire/root": {
    "criteria": {
      "tick": "2024-09-13 04:57:54 +0000"
    },
    "done": true
  },
  "incendium:technical/scroll_of_returning": {
    "criteria": {
      "log_spam_fixer": "2024-09-13 04:57:56 +0000"
    },
    "done": false
  },
  "incendium:technical/using/ragnarok": {
    "criteria": {
      "log_spam_fixer": "2024-09-13 04:57:56 +0000"
    },
    "done": false
  },
  "farmersdelight:main/root": {
    "criteria": {
      "seeds": "2024-09-13 04:57:53 +0000"
    },
    "done": true
  },
  "incendium:technical/using/trailblazer": {
    "criteria": {
      "log_spam_fixer": "2024-09-13 04:57:56 +0000"
    },
    "done": false
  },
  "minecraft:adventure/adventuring_time": {
    "criteria": {
      "minecraft:desert": "2024-09-13 04:57:56 +0000"
    },
    "done": false
  },
  "incendium:technical/using/shield": {
    "criteria": {
      "log_spam_fixer": "2024-09-13 04:57:56 +0000"
    },
    "done": false
  },
  "tombstone:adventure/root": {
    "criteria": {
      "auto": "2024-09-13 04:57:56 +0000"
    },
    "done": true
  },
  "DataVersion": 3465
}